settlement_name,WIRI,wiri_inv,wiri_ops,wiri_cui
Nairobi,66.80162793935645,68.14839572192514,63.333333333333336,70.004953543792
